{
  "chunk_kda": {
    "name": "chunk_kda",
    "ratio": 0.6277568106059335,
    "model_e2e": 70240.71081081081,
    "real_e2e": 111891.595,
    "aic_us": 47.104864864864865,
    "aiv_us": 681.9486486486486,
    "waves_e2e": 205
  },
  "split_qkv": {
    "name": "split_qkv",
    "ratio": 0.16779641993660135,
    "model_e2e": 408.3810810810811,
    "real_e2e": 2433.789,
    "aic_us": 3.5632432432432433,
    "aiv_us": 408.3810810810811,
    "waves_e2e": 1
  }
}